generated_at,topic,title,hook,body,cta,hashtags,image_prompt,estimated_read_time,difficulty,category,model
2026-07-05 10:11:38,SQL Joins,Mastering SQL Joins: Unlock Your Data's Full Potential,Want to connect disparate datasets and extract meaningful insights like a pro?,"SQL Joins are fundamental to any data analyst's toolkit, acting as the bridge between different tables in a relational database. Imagine having customer data in one table and their order history in another; a SQL JOIN allows you to combine these, creating a unified view that reveals purchasing patterns, customer lifetime value, and more.

There are several types of joins, each serving a distinct purpose:
1.  INNER JOIN: Returns only the rows that have matching values in both tables.
2.  LEFT (OUTER) JOIN: Returns all rows from the left table, and the matching rows from the right table. If there's no match, NULL is returned for columns from the right table.
3.  RIGHT (OUTER) JOIN: Similar to LEFT JOIN, but returns all rows from the right table and matching rows from the left.
4.  FULL (OUTER) JOIN: Returns all rows when there is a match in either the left or the right table.

Understanding the nuances of each join type is crucial for accurate data retrieval and analysis. Misusing a join can lead to incomplete or incorrect results, impacting your decisions. Mastering joins transforms raw data into actionable intelligence, making you a more effective data professional.","Which SQL JOIN is your go-to for complex queries, and why? Share your insights below!","#SQLJoins,#DataAnalytics,#SQLTips,#Database,#DataScience","A visually appealing infographic illustrating the different types of SQL Joins (INNER, LEFT, RIGHT, FULL) with Venn diagrams or simple table examples, set against a backdrop of glowing data lines or a server rack. Emphasize clarity and professional design.",45,Intermediate,SQL,gemini-2.5-flash
2026-07-05 10:15:04,Window Functions,Unlock Deeper Insights: Mastering SQL Window Functions,Tired of aggregate functions hiding the details you need for complex analysis?,"Window functions are a game-changer for data analysts working with SQL. Unlike traditional aggregate functions (like SUM, AVG, COUNT) that collapse rows into a single summary, window functions perform calculations across a set of table rows that are related to the current row, without actually reducing the number of rows returned. This means you can compute rolling averages, rank items within groups, calculate cumulative sums, or compare values across partitions, all while retaining the individual row-level detail. Imagine wanting to see each employee's salary alongside the department's average salary, or ranking sales within each product category – window functions make this straightforward. They empower you to move beyond simple aggregations and derive much richer, contextual insights from your datasets, making your analytical queries significantly more powerful and efficient. Mastering them is a crucial step towards advanced SQL proficiency and unlocking sophisticated data narratives.",What's the most challenging (or most rewarding) window function you've used? Share your experiences and tips in the comments below!,"#SQL,#DataAnalytics,#WindowFunctions,#SQLTips,#DataScience","A conceptual illustration showing data rows flowing through a 'window' or 'partition' on a database table, with calculations (like averages or ranks) being performed within these sections. Visual metaphors could include a magnifying glass over specific rows, or highlighted groups within a larger dataset. Professional, clean, digital art style.",55,Intermediate,SQL,gemini-2.5-flash
2026-07-05 10:42:26,Excel Pivot Tables,Unlock Data Insights with Excel Pivot Tables: A Quick Guide,"Tired of drowning in spreadsheets? Excel Pivot Tables are your data analysis superpower, transforming raw data into actionable insights in minutes.","Many data professionals overlook the sheer power of Excel Pivot Tables, thinking it's too basic or outdated. But the truth is, mastering Pivot Tables is a fundamental skill that drastically speeds up your data exploration and reporting, even if you primarily work with SQL or Python. They allow you to quickly summarize, analyze, explore, and present your data without writing a single formula. Imagine instantly seeing sales trends by region, identifying top-performing products, or understanding customer behavior patterns – all with a few clicks.

From counting distinct values to calculating averages and variances, Pivot Tables offer a flexible, interactive way to slice and dice your datasets. They're incredibly useful for initial data exploration, creating dashboards, and generating quick reports before diving into more complex tools. Don't underestimate this foundational tool; it's a gateway to more sophisticated analytics.",What's the most surprising insight you've uncovered using a Pivot Table? Share your experience in the comments below!,"#ExcelTips,#DataAnalysis,#PivotTables,#BusinessIntelligence,#DataSkills","A modern, clean illustration of a spreadsheet with data points being dynamically summarized into a pivot table dashboard. The design should be minimalist with a focus on ease of use and insight. A cursor is hovering over a filter option. Professional, light blue and grey color scheme.",60,Beginner,Excel,gemini-2.5-flash
2026-07-05 10:49:06,Excel Pivot Tables,Mastering Excel Pivot Tables: Your Shortcut to Data Insights,"Tired of drowning in raw data? Pivot Tables are your life raft to quick, powerful insights!","Excel Pivot Tables are an indispensable tool for anyone working with data. They allow you to quickly summarize, analyze, explore, and present your data without altering the original dataset. Imagine having thousands of rows of sales data; with a Pivot Table, you can effortlessly calculate total sales by region, average sales per product, or even track quarterly performance trends in minutes. 

Learning to use Pivot Tables efficiently empowers you to identify patterns, detect anomalies, and make data-driven decisions faster. Beyond simple sums, you can leverage various aggregation functions like averages, counts, and percentages, or even group data by dates or custom criteria. Don't just look at data – understand it. Start by understanding your data source, then drag and drop fields into the Rows, Columns, Values, and Filters areas to see the magic happen. It's truly a game-changer for data exploration and reporting.",What's the most impactful insight you've uncovered using a Pivot Table? Share your story in the comments below!,"#ExcelTips,#DataAnalytics,#PivotTables,#BusinessIntelligence,#DataSkills","A modern, clean Excel spreadsheet showing a colorful pivot table summarizing sales data, with various filters and fields visible. A magnifying glass hovers over a key insight, symbolizing data discovery. Professional, business-oriented aesthetic.",60,Intermediate,Excel,gemini-2.5-flash
2026-07-05 10:53:51,Power BI DAX,Unlocking Data Insights with Power BI DAX: A Game-Changer for Analytics,Ever wondered how to move beyond basic aggregates in Power BI and truly derive meaningful insights from your data?,"DAX, or Data Analysis Expressions, is the powerful formula language behind Power BI, Power Pivot in Excel, and SSAS Tabular models. It's what allows you to create custom calculations, aggregations, and sophisticated data models that go far beyond simple sums or averages. Think of DAX as the brain of your Power BI report; it enables dynamic filtering, time-intelligence calculations (like YTD, QTD), and complex comparisons that are essential for deep analytical work.

While it might seem daunting at first, mastering DAX is crucial for anyone serious about Power BI. It transforms raw data into actionable intelligence, allowing you to define custom metrics, calculate ratios, and segment your data in ways that static reports simply cannot. For instance, calculating a rolling 12-month average or comparing current sales to the same period last year becomes effortless with the right DAX functions. It empowers you to answer specific business questions directly within your reports, providing users with dynamic and interactive dashboards. Dive in, and you'll soon see how DAX elevates your data analysis capabilities.",What's your go-to DAX function that revolutionized your Power BI reports? Share your insights in the comments below!,"#PowerBI,#DAX,#DataAnalytics,#BusinessIntelligence,#MicrosoftFabric","A visually appealing infographic or a sleek UI screenshot showing a complex Power BI dashboard with DAX formulas highlighted, symbolizing advanced data analysis and custom calculations.",55,Intermediate,Power BI,gemini-2.5-flash
2026-07-05 10:54:03,Python Pandas,Mastering Your Data with Python Pandas: The Essential Library,Ever felt overwhelmed by messy datasets and wished for a magic wand to transform them into actionable insights?,"Python Pandas is that magic wand for data analysts and scientists. At its core, Pandas introduces two powerful data structures: Series and DataFrame. A Series is a one-dimensional labeled array capable of holding any data type, while a DataFrame is a two-dimensional labeled data structure with columns of potentially different types, much like a spreadsheet or SQL table. Pandas excels at handling tabular data, making tasks like data cleaning, transformation, and aggregation incredibly intuitive. Need to filter rows based on conditions? Group data by specific columns? Merge multiple datasets? Pandas simplifies these complex operations with elegant, readable syntax. Its efficiency and flexibility make it an an indispensable tool for exploratory data analysis, feature engineering, and preparing data for machine learning models. If you're working with data in Python, mastering Pandas is not just an advantage—it's a necessity for streamlined and effective analysis.",What's your favorite Pandas function or trick that saves you hours? Share it in the comments below!,"#Python,#Pandas,#DataAnalytics,#DataScience,#PythonForData","A clean, modern graphic showing a simplified Pandas DataFrame with data flowing into insights, possibly with the Python logo subtly integrated. Represents data transformation and clarity.",75,Beginner,Python,gemini-2.5-flash
2026-07-05 11:10:04,Statistics for Data Analysts,Unlocking Deeper Insights: Why Statistics is Non-Negotiable for Data Analysts,"Beyond just numbers, true data mastery begins with a solid grasp of statistical principles.","Many aspiring data analysts dive straight into tools like Python or SQL, but overlook the foundational bedrock: statistics. Statistics isn't just about crunching numbers; it's about understanding the story behind them, quantifying uncertainty, and making informed decisions.

Think about it: How do you know if a change in your product actually improved user engagement, or if it was just random chance? That's where hypothesis testing comes in. How do you draw reliable conclusions about a massive dataset without analyzing every single record? Sampling techniques are your answer.

From descriptive statistics (mean, median, mode, standard deviation) that summarize your data, to inferential statistics that allow you to make predictions and generalizations about populations, these concepts are the bedrock of reliable analysis. They empower you to validate assumptions, identify significant trends, detect anomalies, and build models that truly reflect reality, not just correlation.

Mastering statistics elevates your role from a data reporter to a strategic advisor, enabling you to articulate confidence levels, identify biases, and present insights that stand up to scrutiny. Don't just show the data; understand and explain its true implications.",What statistical concept first clicked for you and transformed your analysis? Share your thoughts below!,"#DataAnalytics,#Statistics,#BusinessIntelligence,#DataScience,#DataSkills","A visually appealing infographic illustrating key statistical concepts (like a bell curve, pie charts, bar graphs) subtly integrated with data analysis tools icons (Python, R, Excel) on a modern, clean background.",60,Intermediate,Statistics,gemini-2.5-flash
2026-07-05 11:14:34,Data Cleaning Techniques,The Unsung Hero: Mastering Data Cleaning for Flawless Analytics,"Ever found yourself wrestling with messy data, wishing for a magic wand to make it pristine?","Messy data is a data analyst's worst nightmare, often leading to skewed insights and flawed decisions. The reality is, raw data is rarely perfect; it's riddled with errors, inconsistencies, and missing values. Mastering data cleaning techniques is not just a skill – it's a foundational superpower that ensures the integrity and reliability of your analyses. One common hurdle is dealing with duplicates, which can inflate your metrics. Techniques like using `DISTINCT` in SQL or pandas `drop_duplicates()` are essential. Next, addressing missing values is critical. Deciding whether to impute them (e.g., with mean, median, or mode) or remove the rows/columns depends heavily on the dataset and the impact on your analysis. Inconsistent formatting, like 'NY' vs. 'New York', requires standardization – think `UPPER()` in SQL or custom functions in Python/Excel. Outlier detection, often using statistical methods like IQR or Z-scores, helps identify unusual data points that could skew averages. Remember, clean data isn't just about fixing errors; it's about building trust in your insights. Neglecting this crucial step is akin to building a house on a shaky foundation. Invest time here, and your downstream models and reports will thank you.",What's your go-to data cleaning technique or toughest data cleaning challenge? Share your experiences below!,"#DataCleaning,#DataAnalytics,#DataScience,#DataQuality,#AnalyticsTips","A visually striking image depicting raw, messy data transforming into clean, organized data, perhaps with a before-and-after split or a flow diagram. Use a clean, professional aesthetic with a touch of magic or clarity.",60,Intermediate,Data Cleaning,gemini-2.5-flash
2026-07-05 11:18:26,Dashboard Design Principles,Unlock Impact: Essential Dashboard Design Principles,Transforming raw data into actionable insights starts with brilliant dashboard design.,"Ever wondered why some dashboards are game-changers while others just sit there? It all boils down to design. Effective dashboards aren't just collections of charts; they're powerful communication tools designed to drive action. Start by understanding your audience: what decisions do they need to make? This informs the key metrics and visuals. Prioritize clarity and conciseness. Avoid clutter; less is often more. Use consistent colors and layouts to guide the eye, ensuring a logical flow from high-level summaries to detailed insights. Visual hierarchy is crucial – make the most important information stand out. Remember, every element on your dashboard should serve a purpose. Test your designs with users to gather feedback and iterate. A well-designed dashboard doesn't just present data; it tells a compelling story, empowering stakeholders to make informed, timely decisions. Transform your data into actionable intelligence with thoughtful design.",What's *your* golden rule for an impactful dashboard? Share your insights in the comments below!,"#DataAnalytics,#DashboardDesign,#DataVisualization,#BI,#AnalyticsTips","A sleek, modern dashboard display on a tablet or monitor, showing clear, concise data visualizations with a thoughtful layout and consistent color scheme. Emphasize data clarity and user experience.",51,Intermediate,Data Visualization,gemini-2.5-flash
2026-07-05 11:23:20,SQL Joins,Mastering SQL Joins: The Key to Unlocking Relational Data,Understanding SQL Joins is fundamental for anyone looking to extract meaningful insights from relational databases.,"SQL Joins are indispensable tools that allow you to combine rows from two or more tables based on a related column between them. Imagine you have customer data in one table and their order history in another; a JOIN operation bridges these two datasets, providing a unified view.

There are several types of joins, each serving a distinct purpose:
1.  **INNER JOIN**: Returns only the rows that have matching values in both tables. It's the most common and often the default mental model for ""joining.""
2.  **LEFT (OUTER) JOIN**: Returns all rows from the left table, and the matched rows from the right table. If there's no match, NULL is returned for the right table's columns.
3.  **RIGHT (OUTER) JOIN**: Returns all rows from the right table, and the matched rows from the left table. If no match, NULL for the left table's columns.
4.  **FULL (OUTER) JOIN**: Returns all rows when there is a match in one of the tables. It combines the results of both LEFT and RIGHT outer joins.

Choosing the correct join type is crucial for accurate data retrieval and analysis. Misunderstanding them can lead to incomplete or incorrect datasets, significantly impacting your analytical findings. Practice with real-world scenarios to solidify your grasp on these powerful SQL constructs.","Which SQL Join do you find yourself using most often, and why? Share your insights in the comments below!","#SQL,#DataAnalytics,#Database,#SQLJoins,#DataScience","A clear, visually appealing infographic or diagram illustrating the different types of SQL Joins (INNER, LEFT, RIGHT, FULL) with Venn diagrams or table overlaps, using a subtle blue and white color scheme typical of data tools. The diagram should clearly show how rows from two tables are combined based on join type.",90,Beginner,SQL,gemini-2.5-flash
